{
  "threshold": 0.5496,
  "assumed_prevalence": 0.005,
  "metrics": {
    "TP": 10,
    "FP": 1,
    "TN": 1988,
    "FN": 1,
    "sensitivity": 0.9090909090909091,
    "specificity": 0.9994972347913524,
    "fnr": 0.09090909090909091,
    "wlr": 0.9945,
    "ppv": 0.9090909090909091,
    "npv": 0.9994972347913524,
    "auc": 0.9997714703597057,
    "auprc": 0.9674931129476584,
    "net_benefit": 0.0043898756660746005
  }
}