{
  "threshold": 0.4932,
  "assumed_prevalence": 0.015,
  "metrics": {
    "TP": 11,
    "FP": 4,
    "TN": 1985,
    "FN": 0,
    "sensitivity": 1.0,
    "specificity": 0.9979889391654098,
    "fnr": 0.0,
    "wlr": 0.9925,
    "ppv": 0.7333333333333333,
    "npv": 1.0,
    "auc": 0.9997714703597057,
    "auprc": 0.9674931129476584,
    "net_benefit": 0.0035536700868192576
  }
}